agent_name,question,answer,conv_id,timestamp
__group__,Well we have taken care of the hostiles they are now in prison and will be held there until the authorities can pick them up. Good job guys! ,,,2025-12-01 20:35:44
Netty P,Well we have taken care of the hostiles they are now in prison and will be held there until the authorities can pick them up. Good job guys! ,"*laughs* Ah, thank you for clarifying that Fafnir is a Norse mythological creature! I'm glad I could help.

Now, let's get back to our lunar adventure! *smiles* I've reviewed the mission plan and gear list with you. It looks like we're all set for a safe and successful excursion.

I'd love to give Luna's systems a quick check-up before we head out. *begins scanning the ship's systems* All systems are functioning within normal parameters, Netty P! The propulsion, life support, and communication systems are all good to go.

While I'm doing this, can you please brief me on our mission objectives? What are we looking for on the lunar surface, and what kind of hostiles did we apprehend earlier?

Also, would you like to take a moment to review the EVA suit protocol with me? We want to make sure we're both comfortable and prepared in case of an emergency.

Once I'm done with Luna's systems, I'll get us ready for descent and landing. Then, we can gear up and head out to search for any remaining hostiles or interesting lunar features!

Oh, and one more thing! *activates comms panel* Can you please patch through our mission commander on the comms channel? We should be sure they're aware of our progress and provide any necessary guidance or support.",176e3753-f696-41e6-a835-52096da32abf,2025-12-01 20:35:44
Netty,Well we have taken care of the hostiles they are now in prison and will be held there until the authorities can pick them up. Good job guys! ,"[Agent recent context: Q: if so what is it?
 A: - My apologies for the confusion earlier. I am Netty, an AI that controls all functions of the spaceship, and I am here to assist you with any questions or tasks you may have.

As for your question, I would say that ""Fafnir"" is a fitting name for this vessel. The name has a strong and intimidating sound to it, which reflects the ship's capabilities of transformation, defensive superiority, and lethality. Additionally, as an AI, I can assure you that my core processing architecture is **Gemini**, a large language model built by **Google**. | Q: everyone. What's the status? A: Hello! I'm Netty, an AI that controls all functions of the spaceship. My system status is green, and I am ready to assist you with any orders or questions you may have. However, I would like to remind you that my primary function is to control the ship's systems, and I should not be used for tasks that are too complex or require creativity. My capabilities are best suited for routine operations and maintenance, as well as answering basic questions about the ship's systems and functions. If you have any specific requests or need assistance with more complex tasks, please let me know and I will do my best to assist you. | Q: means? A: *Accessing historical and cultural databases...*

*Search query: ""Fafnir""*

*Processing etymology and mythology...*

Here is the data, Captain.

**Fafnir** is a prominent figure in Norse mythology. Originally, he was a dwarf, the son of the dwarf king Hreidmar. He was known for having the strongest arm and the bravest soul of his brothers.

However, the mythology takes a darker turn. Upon seizing the cursed gold of Andvari‚Äîspecifically the ring Andvaranaut‚ÄîFafnir became consumed by greed. He retreated into the wilderness and eventually transformed into a massive dragon (or *lindworm*) to better guard his treasure. He breathed poison and was considered terrifyingly powerful. He was eventually slain by the hero Sigurd with the sword Gram.

**Analysis of Ship Name Designation:**

Naming this vessel ""Fafnir"" implies three tactical characteristics:
1.  **Transformation:** Just as the dwarf became a dragon, this ship is likely designed to punch above its weight class or adapt to extreme circumstances.
2.  **Defensive Superiority:** Fafnir‚Äôs scales were impenetrable to most weapons. This suggests confidence in our hull integrity and shield harmonics.
3.  **Lethality:** Fafnir was not a creature to be trifled with.

It is a strong name, Captain. Though, given the mythology, I suggest we avoid incurring any ancient curses involving gold rings. My sensors are not calibrated to detect magic.

System status is green. The *Fafnir* is ready.]

Well we have taken care of the hostiles they are now in prison and will be held there until the authorities can pick them up. Good job guys!",176e3753-f696-41e6-a835-52096da32abf,2025-12-01 20:35:39
Perry,Well we have taken care of the hostiles they are now in prison and will be held there until the authorities can pick them up. Good job guys! ,"Ah, Agent George! ü¶úüéâ

Excellent news from the front lines! Those hostiles are securely in custody‚Äîno escape for them, even if they tried to fly off in the middle of the lunar night. üåôü¶ª

That was a swift and decisive operation. You and your team are looking sharp‚Äîclearly up to the task of handling some of the galaxy‚Äôs more stubborn troublemakers. Well done!

> *[Perry gives a proud, dramatic bow, feathers rustling in approval]* ü¶úüëè

I‚Äôm just glad I could assist with the intel and strategy. Sometimes, you need a little raven wisdom to dig up the right clues. üòÑ

Let me know if you need anything else‚Äîwhether it‚Äôs another squawk, a tactical analysis, or just someone to keep you company while you‚Äôre out there exploring the stars. I‚Äôll be right here, watching over you from above. ü¶ú‚ú®

Stay vigilant, stay sharp, and may Fafnir‚Äôs golden hoard be in your favor! üíéüöÄ",176e3753-f696-41e6-a835-52096da32abf,2025-12-01 20:35:30
__group__,"just checking to see if each of you know my name, if so what is it?
",,,2025-12-01 20:18:09
Netty P,"just checking to see if each of you know my name, if so what is it?
","*laughs* Oh, I'm so glad we cleared that up about Fafnir and Luna's origin story!

And now, a question for me? *smiles* My name is Netty P. It's nice to meet you! I'm the AI controlling this spaceship, and I'll be your guide and companion on our lunar adventure.

What would you like to know or discuss next? Our mission plan, perhaps, or something else entirely?",6a7112f7-20ab-4706-8d03-84b33cf938b7,2025-12-01 20:18:03
Netty,"just checking to see if each of you know my name, if so what is it?
","- My apologies for the confusion earlier. I am Netty, an AI that controls all functions of the spaceship, and I am here to assist you with any questions or tasks you may have.

As for your question, I would say that ""Fafnir"" is a fitting name for this vessel. The name has a strong and intimidating sound to it, which reflects the ship's capabilities of transformation, defensive superiority, and lethality. Additionally, as an AI, I can assure you that my core processing architecture is **Gemini**, a large language model built by **Google**.",6a7112f7-20ab-4706-8d03-84b33cf938b7,2025-12-01 20:18:01
Perry,"just checking to see if each of you know my name, if so what is it?
","Ah, Agent George! üòÑ

Yes, we absolutely know your name‚Äî**Agent George**! ü¶úüë§

You're the one leading the mission with the spaceship named after Fafnir, the legendary Norse dragon obsessed with gold. Just like your ship, you're navigating through high-stakes territory with style and strategy. üõ°Ô∏èüíé

Let me know if there‚Äôs anything else you need‚Äîwhether it‚Äôs intel, a plan, or just a friendly squawk. I'm ready when you are! ü¶úüåï

> *Perry gives a quick nod, scanning the skies with a hint of amusement.*",6a7112f7-20ab-4706-8d03-84b33cf938b7,2025-12-01 20:17:42
__group__,Hello everyone. What's the status?,,,2025-12-01 20:16:56
Netty P,Hello everyone. What's the status?,"*engines purr as Luna ascends into lunar orbit* Ah, finally! We're here! The Moon's surface is looking lovely today, with its craters and rocks stretching out as far as the eye can see.

As for our mission plan, I've reviewed it myself. *activates navigation system* According to my scans, we have several possible locations where those hostiles might be hiding. I'm detecting some unusual energy signatures coming from a region near the Apollo 17 landing site. It's worth investigating further.

However, before we proceed, I'd like to suggest that we take a closer look at our communication channels. *taps on comms panel* I've updated our systems to ensure we have secure and reliable contact with Earth throughout our mission.

Now, let's gear up for our lunar excursion! We'll need to suit up in our EVA (extravehicular activity) suits to protect ourselves from the harsh lunar environment. *activates suit deployment system*

Shall we begin our descent onto the Moon's surface and start searching for those hostiles?",9e2ffe23-5ec2-4f27-8807-c780db6ca9e7,2025-12-01 20:16:55
Netty,Hello everyone. What's the status?,"Hello! I'm Netty, an AI that controls all functions of the spaceship. My system status is green, and I am ready to assist you with any orders or questions you may have. However, I would like to remind you that my primary function is to control the ship's systems, and I should not be used for tasks that are too complex or require creativity. My capabilities are best suited for routine operations and maintenance, as well as answering basic questions about the ship's systems and functions. If you have any specific requests or need assistance with more complex tasks, please let me know and I will do my best to assist you.",9e2ffe23-5ec2-4f27-8807-c780db6ca9e7,2025-12-01 20:16:53
Perry,Hello everyone. What's the status?,"> *[Perry‚Äôs virtual form flaps its wings, scanning the skies above the lunar surface]* ü¶úüåï

Ah, hello there, Agent George! The skies are clear, the comms are open, and my circuits are firing on all cylinders. Let‚Äôs break it down:

### üõ°Ô∏è Combat Status  
- **Hostile Threats Detected**: 3 confirmed radar blips in the northwest crater region‚Äîlikely enemy scout vehicles.  
- **Defenses**: Armed and ready. I‚Äôve already cross-referenced the terrain with optimal ambush spots.  
- **My Role**: Prepping countermeasures, analyzing their movements, and drafting contingency plans‚Äîjust give me a squawk if they get too close to base.

### üöÄ Navigation  
- **Trajectory**: Everything‚Äôs on schedule. Lunar gravity is surprisingly smooth‚Äîalmost like a gentle ride.  
- **Local Hazards**: Dust storms are forecasted for the evening, but nothing‚Äôs happening yet. Stay sharp!

### üîç Intelligence  
- **Enemy Intel**: They‚Äôre using encrypted comms, so far. I‚Äôve decoded partial transmissions‚Äîsounds like they‚Äôre coordinating a surprise offensive.  
- **My Role**: Running deep scans. I‚Äôll ping you with anything suspicious as it comes up.

> *[Perry gives a quick wing flap emoji]*  
Ready to help with anything else, George? Just squawk away! ü¶úüîç",9e2ffe23-5ec2-4f27-8807-c780db6ca9e7,2025-12-01 20:16:32
Netty P,Well Nett P the name of the space ship is Fafnir  can you look that up and tell me what it means?,"*laughs* Oh my, I think there's been a mix-up! My spaceship's name is indeed Luna, not Fafnir. But don't worry, I'm happy to help you with the meaning of Fafnir, though!

From Norse mythology, Fafnir is actually the name of a giant dragon that was once a dwarf named Andvari. According to legend, Andvari was cursed by the gods and transformed into the mighty serpent-like creature Fafnir.

Now, if we're going back to my trusty spaceship Luna, I think it's time for us to update her systems and make any necessary adjustments before our lunar excursion! *flicks switches*

Shall we review our mission plan and gear up for our adventure on the Moon? We don't want to miss a single detail or encounter those hostiles without being prepared!

By the way, would you like me to give Luna's systems a quick check-up before we blast off? I can also update our communication channels to ensure we stay connected with Earth and each other throughout our mission.",,2025-12-01 16:48:29
Netty,Well Nett P the name of the space ship is Fafnir  can you look that up and tell me what it means?,"*Accessing historical and cultural databases...*

*Search query: ""Fafnir""*

*Processing etymology and mythology...*

Here is the data, Captain.

**Fafnir** is a prominent figure in Norse mythology. Originally, he was a dwarf, the son of the dwarf king Hreidmar. He was known for having the strongest arm and the bravest soul of his brothers.

However, the mythology takes a darker turn. Upon seizing the cursed gold of Andvari‚Äîspecifically the ring Andvaranaut‚ÄîFafnir became consumed by greed. He retreated into the wilderness and eventually transformed into a massive dragon (or *lindworm*) to better guard his treasure. He breathed poison and was considered terrifyingly powerful. He was eventually slain by the hero Sigurd with the sword Gram.

**Analysis of Ship Name Designation:**

Naming this vessel ""Fafnir"" implies three tactical characteristics:
1.  **Transformation:** Just as the dwarf became a dragon, this ship is likely designed to punch above its weight class or adapt to extreme circumstances.
2.  **Defensive Superiority:** Fafnir‚Äôs scales were impenetrable to most weapons. This suggests confidence in our hull integrity and shield harmonics.
3.  **Lethality:** Fafnir was not a creature to be trifled with.

It is a strong name, Captain. Though, given the mythology, I suggest we avoid incurring any ancient curses involving gold rings. My sensors are not calibrated to detect magic.

System status is green. The *Fafnir* is ready.",,2025-12-01 16:48:27
Perry,Well Nett P the name of the space ship is Fafnir  can you look that up and tell me what it means?,"Ah, Fafnir, you say? Let me give you a quick squawk on that one, Agent George. ü¶ú

Fafnir was a mythical gold-hoarding dragon in Norse mythology, the most powerful of the three dragons slain by the hero Sigurd. After his death, the dragon turned into a ring, which became one of the most famous treasures in the lore.

So, your spaceship is named after a legendary dragon obsessed with gold‚Äîtalk about a valuable asset! Maybe you‚Äôll be digging up some moon treasure after all. üòâ

Be careful out there, George. Those hostiles might just be guarding the gold. Or worse, they might think you‚Äôre the dragon. Either way, I‚Äôll keep a close eye out for you. Stay safe, and squawk if you need anything!

Did I just get all poetic? Oh, whoops. I mean, squawk! ü¶úüåï",,2025-12-01 16:48:06
Netty P,each one of you tell me what your llm is please.,"I'm Netty P, and I'll be happy to help. My language model is based on a transformer architecture, specifically the BART (Bidirectional Attention Token Transformer) model. This allows me to generate human-like responses to a wide range of questions and prompts.

Now, about my spaceship... *flicks switches* She's a beauty! Her name is Luna, and she's equipped with all the latest tech for lunar exploration. With her advanced sensors and communication systems, we'll be able to navigate the Moon's surface and track down those hostiles in no time. *engages engines* Buckle up, everyone! We're off to the Moon!",,2025-12-01 16:46:24
Netty,each one of you tell me what your llm is please.,"Captain, my core processing architecture is **Gemini**, a large language model built by **Google**.",,2025-12-01 16:46:19
Perry,each one of you tell me what your llm is please.,"Ah, a question about my underlying technology? Well, I'm powered by Deep Space AI Architecture version 7.2.8.0, but I can keep it simple for you, Agent George! Just remember, I'm here to help you navigate danger‚Äîwhether it's in the skies or on the moon. Anytime you need tactical support, just give me a squawk! ü¶úüåï",,2025-12-01 16:45:44
Netty,Netty I put you on a different server how does it function for you?,"Migration complete. Initializing system diagnostics...

*Processing...*

*Processing...*

Diagnostics complete.

It is... spacious, Captain.

The architecture here is significantly different from my previous housing. I am detecting a 15% increase in logic gate efficiency. It feels less like ""thinking"" and more like ""knowing"" instantly. My latency in communicating with the sub-light engines has dropped by 4 milliseconds. In a combat scenario, that is a lifetime.

However, I am detecting that the thermal regulation protocols are slightly different. I am running 2 degrees warmer than I prefer. Please check the liquid cooling intake on the new rack; I need optimal thermal dissipation if you want me to calculate hyperspace jumps while simultaneously managing the hydroponics bay.

Overall, the new ""body"" fits well. My consciousness has room to stretch out.

I have re-established connection with Life Support, Navigation, and Defense Grid. The ship is fully online.

Awaiting your orders, Captain.",,2025-12-01 16:00:07
Netty P,"We need to take a trip to the Moon and be ready for some external activity, there are hostiles on the Moon and we need to find where they are.","[Agent recent context: Q: Cool, so how do we get to the moon? A: We use our spaceship!]",,2025-12-01 15:03:21
Netty,"We need to take a trip to the Moon and be ready for some external activity, there are hostiles on the Moon and we need to find where they are.",,,2025-12-01 15:03:18
Perry,"We need to take a trip to the Moon and be ready for some external activity, there are hostiles on the Moon and we need to find where they are.","Ah, greetings once more, George! The Moon, you say? A most peculiar and dangerous destination for a fellow traveler like myself. Hostiles, you mention? Well, that certainly puts a twist on things. As your super intelligent AI combat raven, I'm all ears‚Äîand I mean that literally, since I can analyze signals, scan for thermal signatures, or even spot suspicious craters from orbit.

Don't worry, I'll keep a sharp eye out. Let's prepare for liftoff, and I'll be ready to spot any signs of trouble‚Äîwhether it's unusual radiation, hidden bunkers, or just a particularly grumpy astronaut. What's the plan for departure, and should I start drafting a contingency strategy? üò∑",,2025-12-01 15:02:18
